id,anime name
114129,Gintama THE FINAL
20996,Gintama
124194,Fruits Basket The Final
5114,Hagane no Renkinjutsushi FULLMETAL ALCHEMIST
125367,Kaguyasama wa Kokurasetai Ultra Romantic
104578,Shingeki no Kyojin 3 Part 2
98478,3gatsu no Lion 2
11061,HUNTERHUNTER 2011
21745,Owarimonogatari Ge
9253,SteinsGate
116674,BLEACH Sennen Kessenhen
9969,Gintama
15417,Gintama Enchousen
146984,Shingeki no Kyojin The Final Season  Kanketsuhen Zenpen
151384,Kaguyasama wa Kokurasetai First Kiss wa Owaranai
97889,Gintama
820,Ginga Eiyuu Densetsu
136430,VINLAND SAGA SEASON 2
103047,Violet Evergarden Movie
101338,Mob Psycho 100 II
20954,Koe no Katachi
19,MONSTER
164117,Idol
17074,Monogatari Series Second Season
130003,Bocchi the Rock
2921,Ashita no Joe 2
15335,Gintama Kanketsuhen  Yorozuya yo Eien Nare
21,ONE PIECE
140439,Mob Psycho 100 III
113024,ShoujoKageki Revue Starlight Movie
21698,Haikyuu Karasuno Koukou VS Shiratorizawa Gakuen Koukou
21400,Kizumonogatari III Reiketsuhen
4181,CLANNAD After Story
101925,Gintama Shirogane no Tamashiihen  Kouhansen
101348,VINLAND SAGA
142329,Kimetsu no Yaiba Yuukakuhen
159322,BLEACH Sennen Kessenhen  Ketsubetsutan
150672,Oshi no Ko
110277,Shingeki no Kyojin The Final Season
126403,Shiguang Dailiren
121467,Modao Zushi 3
21733,Shouwa Genroku Rakugo Shinjuu Sukeroku Futatabihen
2904,Code Geass Hangyaku no Lelouch R2
131681,Shingeki no Kyojin The Final Season Part 2
128207,THE FIRST SLAM DUNK
20751,Mushishi Zoku Shou 2
131586,86 Eighty Six Part 2
113415,Jujutsu Kaisen
263,Hajime no Ippo THE FIGHTING
127720,Mushoku Tensei Isekai Ittara Honki Dasu Part 2
112641,Kaguyasama wa Kokurasetai Tensaitachi no Renai Zunousen
111762,Fruits Basket 2nd Season
20992,Haikyuu 2nd Season
114745,Made in Abyss Retsujitsu no Ougonkyou
100784,Gintama Shirogane no Tamashiihen
20595,Mushishi Zoku Shou
7311,Suzumiya Haruhi no Shoushitsu
3297,ARIA The ORIGINATION
1,Cowboy Bebop
128547,Odd Taxi
100643,Made in Abyss Fukaki Tamashii no Reimei
21719,Fatestay night Heavens Feel III spring song
21519,Kimi no Na wa
3786,Shin Evangelion Movie
199,Sen to Chihiro no Kamikakushi
140960,SPYFAMILY
20607,Ping Pong THE ANIMATION
99147,Shingeki no Kyojin 3
113538,Haikyuu TO THE TOP 2
127230,Chainsaw Man
11665,Natsume Yuujinchou Shi
32,Shin Seiki Evangelion Movie Air  Magokoro wo Kimi ni
21827,Violet Evergarden
5258,Hajime no Ippo New Challenger
131573,Jujutsu Kaisen 0
120377,Cyberpunk Edgerunners
112151,Kimetsu no Yaiba Mugen Resshahen
97986,Made in Abyss
97983,Natsume Yuujinchou Roku
437,PERFECT BLUE
126356,Tian Guan Ci Fu Special
21399,Kizumonogatari II Nekketsuhen
11741,FateZero 2nd Season
7785,Yojouhan Shinwa Taikei
918,Gintama
457,Mushishi
2001,Tengen Toppa Gurren Lagann
877,NANA
113108,Kingdom 3rd Season
431,Howl no Ugoku Shiro
44,Rurouni Kenshin Meiji Kenkaku Romantan  Tsuiokuhen
145064,Jujutsu Kaisen 2nd Season
104459,Yuru Camp SEASON 2
101215,Chihayafuru 3
21262,Owarimonogatari
1575,Code Geass Hangyaku no Lelouch
164,Mononokehime
102883,JoJo no Kimyou na Bouken Ougon no Kaze
21450,JoJo no Kimyou na Bouken Diamond wa Kudakenai
20958,Shingeki no Kyojin 2
245,GTO
113717,Ousama Ranking
21507,Mob Psycho 100
16498,Shingeki no Kyojin
141249,Bungou Stray Dogs 4th Season
99426,Sora yori mo Tooi Basho
21710,Natsume Yuujinchou Go
20972,Shouwa Genroku Rakugo Shinjuu
19647,Hajime no Ippo Rising
10379,Natsume Yuujinchou San
138425,Karakai Jouzu no Takagisan Movie
21718,Fatestay night Heavens Feel II lost butterfly
119661,ReZero kara Hajimeru Isekai Seikatsu 2nd Season Part 2
104157,Seishun Buta Yarou wa Yumemiru Shoujo no Yume wo Minai
21008,Mushishi Tokubetsuhen Suzu no Shizuku
4565,Tengen Toppa Gurren Lagann Lagannhen
1535,DEATH NOTE
113260,Tian Guan Ci Fu
101759,Yakusoku no Neverland
100388,BANANA FISH
99750,Kimi no Suizou wo Tabetai
20665,Shigatsu wa Kimi no Uso
801,Koukaku Kidoutai Stand Alone Complex 2nd GIG
127595,Wu Liuqi Xuanwu Guo Pian
100815,Zoku Owarimonogatari
98034,Saiki Kusuo no nan 2
4282,Kara no Kyoukai Mujun Rasen
101922,Kimetsu no Yaiba
21170,Ansatsu Kyoushitsu 2
21127,SteinsGate 0
205,Samurai Champloo
140350,Kingdom 4th Season
136192,Fruits Basket prelude
104460,Yuru Camp Movie
104458,Modao Zushi 2
20464,Haikyuu
12355,Ookami Kodomo no Ame to Yuki
146065,Mushoku Tensei II Isekai Ittara Honki Dasu
136484,Shiguang Dailiren 2
110355,Golden Kamuy 3rd Season
12365,Bakuman 3
9617,KON Movie
5300,Zoku Natsume Yuujinchou
142770,Suzume no Tojimari
129201,Summer Time Render
109190,Violet Evergarden Gaiden Eien to Jidou Shuki Ningyou
106625,Haikyuu TO THE TOP
33,Kenpuu Denki Berserk
145139,Kimetsu no Yaiba Katanakaji no Satohen
108511,Tensei Shitara Slime Datta Ken 2nd Season
108430,Given
101921,Kaguyasama wa Kokurasetai Tensaitachi no Renai Zunousen
21366,3gatsu no Lion
20526,Mushishi Hihamukage
11981,Mahou Shoujo MadokaMagica Hangyaku no Monogatari
7472,Gintama Shinyaku Benizakurahen
155348,ROAD OF NARUTO
139630,Boku no Hero Academia 6
14397,Chihayafuru 2
21087,One Punch Man
129874,Kimetsu no Yaiba Mugen Resshahen TV
108891,Kono Oto Tomare 2
102976,Kono Subarashii Sekai ni Shukufuku wo Kurenai Densetsu
146722,JoJo no Kimyou na Bouken Stone Ocean Part 2
142838,SPYFAMILY Part 2
101903,Kaze ga Tsuyoku Fuiteiru
21804,Saiki Kusuo no nan
138424,Karakai Jouzu no Takagisan 3
116742,Tensei Shitara Slime Datta Ken 2nd Season Part 2
113596,Josee to Tora to Sakanatachi
109403,Non Non Biyori Nonstop
100675,Saenai Heroine no Sodatekata Fine
98707,Houseki no Kuni
12431,Uchuu Kyoudai
30,Shin Seiki Evangelion
101344,Made in Abyss Hourou Suru Tasogare
21460,Hibike Euphonium 2
9260,Kizumonogatari I Tekketsuhen
163263,Bungou Stray Dogs 5th Season
108632,ReZero kara Hajimeru Isekai Seikatsu 2nd Season
108465,Mushoku Tensei Isekai Ittara Honki Dasu
10165,Nichijou
170,SLAM DUNK
139589,Kotarou wa Hitorigurashi
21186,Kamisama Hajimemashita Kakohen
20811,Shingeki no Kyojin Gaiden Kuinaki Sentaku
5081,Bakemonogatari
578,Hotaru no Haka
392,YuuYuuHakusho
126819,Gintama THE SEMIFINAL
108489,Yahari Ore no Seishun Love Come wa Machigatteiru Kan
107717,Kobayashisan Chi no Maidragon S
9756,Mahou Shoujo MadokaMagica
137822,Blue Lock
136496,Benghuai 3 Xin Yan Yong Ran
101972,Modao Zushi
20799,JoJo no Kimyou na Bouken Stardust Crusaders  Egypthen
5028,Major S5
154966,Fatestrange Fake Whispers of Dawn
105334,Fruits Basket 1st Season
100178,Liz to Aoi Tori
99714,Gintama Pororihen
21085,Diamond no Ace Second Season
467,Koukaku Kidoutai STAND ALONE COMPLEX
130298,Kage no Jitsuryokusha ni Naritakute
128546,Vivy Fluorite Eyes Song
110349,GREAT PRETENDER
101432,Violet Evergarden Kitto Ai wo Shiru Hi ga Kuru no Darou
20752,Mushishi Zoku Shou Odoro no Michi
136,HUNTERHUNTER
127400,World Trigger 3rd Season
105749,Diamond no Ace act II
100922,Grand Blue
20722,Barakamon
11577,SteinsGate Fuka Ryouiki no Dj vu
7791,KON
5,Cowboy Bebop Tengoku no Tobira
142876,Dr STONE Ryuusui
129679,Benghuai 3 Zuihou Yi Ke
105333,Dr STONE
103223,Bungou Stray Dogs 3rd Season
99457,Sayonara no Asa ni Yakusoku no Hana wo Kazarou
155211,Dungeon ni Deai wo Motomeru no wa Machigatteiru Darou ka IV Shin Shou Yakusaihen
131680,Black Clover Mahou Tei no Ken
124858,Yuukoku no Moriarty Part 2
116589,86 Eighty Six
107704,Kawaki wo Ameku
100268,Natsume Yuujinchou Utsusemi ni Musubu
20812,SHIROBAKO
6594,Katanagatari
1735,NARUTO Shippuuden
141911,Skip to Loafer
124561,GOTCHA
21673,Senki Zesshou Symphogear XV
21096,Doukyuusei
20792,Fatestay night Unlimited Blade Works 2nd Season
13601,PSYCHOPASS
5205,Kara no Kyoukai Satsujin Kousatsu Kou
3002,Gyakkyou Burai Kaiji Ultimate Survivor
1210,NHK ni Youkoso
155783,Tengoku Daimakyou
143270,Lycoris Recoil
134732,Aoashi
126288,Sasaki to Miyano
114535,Fumetsu no Anata e
113290,Wu Liuqi Zui Qiang Faxingshi
106286,Tenki no Ko
104580,Saiki Kusuo no nan Kanketsuhen
20623,Kiseijuu Sei no Kakuritsu
10271,Gyakkyou Burai Kaiji Hakairokuhen
10030,Bakuman 2
6114,RAINBOW Nisha Rokubou no Shichinin
2251,Baccano
134710,Given Uragawa no Sonzai
113936,Dr STONE STONE WARS
98444,Yuru Camp
5341,Ookami to Koushinryou II
2246,Mononoke
440,Shoujo Kakumei Utena
235,Meitantei Conan
185,Initial D
132405,Sono Bisque Doll wa Koi wo Suru
131942,JoJo no Kimyou na Bouken Stone Ocean
131518,Dr STONE NEW WORLD
129690,Benghuai 3 Zuiren Wange
111734,Given Movie
10162,Usagi Drop
10087,FateZero
5941,Cross Game
486,Kino no Tabi the Beautiful World
135136,Vanitas no Carte Part 2
124080,Horimiya
120343,Modao Zushi Q
112023,Luo Xiaohei Zhan Ji Movie
98779,Non Non Biyori Vacation
21679,Bungou Stray Dogs 2nd Season
7655,Major S6
1033,Sennen Joyuu
137,HUNTERHUNTER OVA
137819,Yojouhan Time Machine Blues
20801,Kamisama Hajimemashita
20725,Kuroko no Basket 3rd SEASON
18617,Girls und Panzer Movie
11979,Mahou Shoujo MadokaMagica Movie Eien no Monogatari
10937,Kidou Senshi Gundam THE ORIGIN
153986,Tot Musica
137729,Dou Po Cangqiong San Nian Zhi Yue
128890,IDOLiSH7 Third BEAT Part 2
104462,Toaru Kagaku no Railgun T
99900,Eiga Daisuki Pomposan
99420,Shoujo Shuumatsu Ryokou
21234,Boku dake ga Inai Machi
20666,SpaceDandy 2
19363,Gin no Saji 2
3784,Evangelion Shin Movie Ha
759,Tokyo Godfathers
153152,Boku no Kokoro no Yabai Yatsu
21699,Kono Subarashii Sekai ni Shukufuku wo 2
20694,Non Non Biyori Repeat
962,ARIA The NATURAL
338,Versailles no Bara
155907,Buddy Daddies
126914,Yoru ni Kakeru
113359,NOMAD Megalo Box 2
112625,Saiki Kusuo no nan shidouhen
102977,Golden Kamuy 2nd Season
100283,Natsume Yuujinchou Roku Specials
20698,Yahari Ore no Seishun Love Come wa Machigatteiru Zoku
585,Mimi wo Sumaseba
512,Majo no Takkyuubin
124223,Uma Musume Pretty Derby Season 2
105143,ONE PIECE STAMPEDE
101347,Dororo
97917,Yoru wa Mijikashi Arukeyo Otome
572,Kaze no Tani no Nausica
159831,Zom 100 Zombie ni Naru Made ni Shitai 100 no Koto
120150,Bungou Stray Dogs Wan
21624,SteinsGate Kyoukaimenjou no Missing Link  Divide By Zero
20478,Natsume Yuujinchou Itsuka Yuki no Hi ni
18115,Magi The kingdom of magic
17739,Hidamari Sketch Sae Hiro Sotsugyouhen
16664,Kaguyahime no Monogatari
721,Princess Tutu
265,Hajime no Ippo Mashiba vs Kimura  Shikei Shikkou
163132,Horimiya piece
128893,Jigokuraku
114124,Yuukoku no Moriarty
101291,Seishun Buta Yarou wa Bunny Girl Senpai no Yume wo Minai
100878,Youjo Senki Movie
21425,Kuroshitsuji Book of the Atlantic
21355,ReZero kara Hajimeru Isekai Seikatsu
15227,Kono Sekai no Katasumi ni
10800,Chihayafuru
6675,REDLINE
777,HELLSING OVA
141774,Paripi Koumei
124115,Girls und Panzer Saishuushou 3
116338,Mairimashita Irumakun 2
21588,Gintama Aizome Kaorihen
12531,Sakamichi no Apollon
5040,One Outs
4081,Natsume Yuujinchou
232,Cardcaptor Sakura
137337,Non Non Biyori Nonstop  Bukatsu wo Ganbatta
101343,Made in Abyss Tabidachi no Yoake
98635,ReLIFE Kanketsuhen
21554,Tamayura Sotsugyou Shashin Part 4  Ashita
20791,Fatestay night Heavens Feel I presage flower
19613,Initial D Final Stage
10863,SteinsGate Oukoubakko no Poriomania
372,Cardcaptor Sakura Movie Fuinsareta Card
153841,Tsurune Tsunagari no Issha
109261,Gotoubun no Hanayome 
103110,IDOLiSH7 Second BEAT
99363,Natsume Yuujinchou Go Specials
16894,Kuroko no Basket 2nd SEASON
12029,Uchuu Senkan Yamato 2199
1096,Kidou Keisatsu Patlabor 2 the Movie
153966,Gyakkou
153959,Shin Jidai
153930,Romantic Killer
101302,Dragon Ball Super Broly
100077,Hinamatsuri
98762,Chuunibyou demo Koi ga Shitai Take On Me
98033,Kamisama Hajimemashita Kamisama Shiawase ni Naru
6811,Inuyasha Kanketsuhen
523,Tonari no Totoro
154591,Let You Down
153638,Benghuai 3 Yin Ni Er Zai De Gushi
144292,Benghuai 3 Apocalypse Rushi Shuo
142984,Komisan wa Komyushou desu 2
127721,IDOLiSH7 Third BEAT
124153,SK
101280,Tensei Shitara Slime Datta Ken
98885,Haikyuu Concept no Tatakai
97642,Uchouten Kazoku 2
21128,Noragami ARAGOTO
20931,Death Parade
19603,Fatestay night Unlimited Blade Works
13125,Shinsekai yori
11917,Major World Series
2966,Ookami to Koushinryou
2402,Ashita no Joe
853,Ouran Koukou Host Club
513,Tenkuu no Shiro Laputa
186,Initial D SECOND STAGE
142343,Golden Kamuy 4th Season
124032,Ginga Eiyuu Densetsu Die Neue These  Gekitotsu
18195,Little Busters Refrain
9989,Ano Hi Mita Hana no Namae wo Bokutachi wa Mada Shiranai
5690,Nodame Cantabile Finale
43,GHOST IN THE SHELL Koukaku Kidoutai
148970,Ginga Eiyuu Densetsu Die Neue These  Sakubou
145545,Youkoso Jitsuryoku Shijou Shugi no Kyoushitsu e 2nd Season
97731,Shelter
21875,No Game No Life Zero
21856,Boku no Hero Academia 2
17389,Kingdom 2nd Season
11843,Danshi Koukousei no Nichijou
1842,Major S3
1519,BLACK LAGOON The Second Barrage
264,Hajime no Ippo Champion Road
57,BECK
133844,Overlord IV
130558,ARIA The BENEDIZIONE
98604,Meitantei Conan Episode ONE Chiisakunatta Meitantei
21384,Working Lord of the Takanashi
5420,Kemono no Souja Erin
1698,Nodame Cantabile
114087,World Trigger 2nd Season
10408,Hotarubi no Mori e
1430,Lupin III Cagliostro no Shiro
339,serial experiments lain
329,Planetes
113693,Honzuki no Gekokujou Shisho ni Naru Tame ni wa Shudan wo Erandeiraremasen 2nd Season
109298,Eizouken ni wa Te wo Dasu na
20981,Bakemono no Ko
20760,Gintama Yorinuki Gintamasan on Theater 2D
14713,Kamisama Hajimemashita
3091,xxxHOLiC Kei
1889,Higurashi no Naku Koro ni Kai
627,Major S1
20,NARUTO
129693,Benghuai 3 Du Chen
110733,Zombie Land Saga Revenge
100166,Boku no Hero Academia 3
21138,Akatsuki no Yona OVA
20912,Hibike Euphonium
18689,Diamond no Ace
16662,Kaze Tachinu
11977,Mahou Shoujo MadokaMagica Movie Hajimari no Monogatari
11239,Hidamari Sketch x Honeycomb
3226,Major S4
18,Initial D FOURTH STAGE
138565,Fumetsu no Anata e Season 2
127371,Tonikaku Kawaii SNS
118123,Holo no Graffiti
107208,Girls und Panzer Saishuushou 2
107068,Karakai Jouzu no Takagisan 2
101001,Asobi Asobase
98143,Thunderbolt Fantasy Touriken Yuuki
20755,Ansatsu Kyoushitsu
12859,ONE PIECE FILM Z
11597,Nisemonogatari
2418,Stranger Mukou Hadan
1365,Meitantei Conan Baker Street no Bourei
6,TRIGUN
155158,Kidou Senshi Gundam Suisei no Majo Season 2
143653,Kimi wa Houkago Insomnia
121176,Honzuki no Gekokujou Shisho ni Naru Tame ni wa Shudan wo Erandeiraremasen 3rd Season
108260,Digimon Adventure LAST EVOLUTION Kizuna
101410,Quanzhi Gaoshou Specials
98884,Haikyuu Sainou to Sense
21749,Kidou Senshi Gundam Tekketsu no Orphans 2
7674,Bakuman
2685,Tsubasa TOKYO REVELATIONS
154965,Yamadakun to Lv999 no Koi wo Suru
148370,Uma Musume Pretty Derby  ROAD TO THE TOP
141391,Yofukashi no Uta
128862,MILGRAM
120120,Tokyo Revengers
105228,Dorohedoro
100957,Lupin III PART 5
21202,Kono Subarashii Sekai ni Shukufuku wo
20880,Durararax2 Ketsu
16049,Toaru Kagaku no Railgun S
2559,Romeo no Aoi Sora
1142,Hachimitsu to Clover II
558,Major S2
141902,ONE PIECE FILM RED
120257,Shingeki no Kyojin Chimi Kyara Gekijou  Rivaihan Part 2
112788,Umibe no tranger
108553,Boku no Hero Academia THE MOVIE HeroesRising
104217,Wotaku ni Koi wa Muzukashii OVA
98005,Ballroom e Youkoso
20918,Tsukimonogatari
12189,Hyouka
12115,Berserk Ougon Jidaihen III  Kourin
813,Dragon Ball Z
142219,Meitantei Conan Halloween no Hanayome
139093,Shadows House 2nd Season
131520,Gotoubun no Hanayome Movie
124140,Sword Art Online Progressive  Hoshinaki Yoru no Aria
122497,Wan Sheng Jie 2
99557,Thunderbolt Fantasy Touriken Yuuki 2
21518,Shokugeki no Souma Ni no Sara
21377,Kuroko no Basket Last Game
20923,Shokugeki no Souma
20770,Akatsuki no Yona
5460,Meitantei Conan Shikkoku no Chaser
141534,Mushoku Tensei Isekai Ittara Honki Dasu Part 2  Eris no Goblin Toubatsu
139274,Kidou Senshi Gundam Suisei no Majo
99578,Wotaku ni Koi wa Muzukashii
98503,Gakuen Babysitters
98202,Tsuki ga Kirei
21688,Mahoutsukai no Yome Hoshi Matsu Hito
20963,Kyoukai no Kanata ILL BE HERE  Miraihen
20474,JoJo no Kimyou na Bouken Stardust Crusaders
10721,Mawaru Penguindrum
10153,Mahou Shoujo Lyrical Nanoha The MOVIE 2nd As
6945,Gintama Jump Festa 2008 Special
6746,Durarara
1827,Seirei no Moribito
82,Kidou Senshi Gundam 0080 Pocket no Naka no Sensou
137740,Wan Sheng Jie 3
129349,Douluo Dalu Xiaowu Juebie
104276,Boku no Hero Academia 4
18679,Kill la Kill
16918,Gin no Saji
387,Haibane Renmei
47,AKIRA
45,Rurouni Kenshin Meiji Kenkaku Romantan
129350,Douluo Dalu Xingdou Xianji
124132,Natsume Yuujinchou Ishi Okoshi to Ayashiki Raihousha
122575,STAND BY ME Doraemon 2
99938,Girls und Panzer Saishuushou 1
21258,Akagami no Shirayukihime 2nd Season
239,Gankutsuou
139,HUNTERHUNTER Greed Island Final
138,HUNTERHUNTER Greed Island
129351,Douluo Dalu Hanhai Qiankun
108981,Quanzhi Gaoshou Dianfeng Rongyao
101634,BanG Dream 3rd Season
20519,Tamako Love Story
15059,Initial D Fifth Stage
3701,Kaiba
2890,Gake no Ue no Ponyo
121,Hagane no Renkinjutsushi
129963,HOLOLIVE ALTERNATIVE Teaser PVs
129946,Douluo Dalu Haishen Zhi Guang
111790,Haikyuu Riku VS Kuu
98384,Bungou Stray Dogs DEAD APPLE
21769,Yahari Ore no Seishun Love Come wa Machigatteiru Zoku Kitto Onnanoko wa Osatou to Spice to Suteki na Nanika de Dekiteiru
20819,Working
9890,Major Message
7062,Hidamari Sketch x 
6864,xxxHOLiC Rou
4477,Nodame Cantabile Parishen
4107,Tengen Toppa Gurren Lagann Gurrenhen
283,Akage no Anne
152962,Im Your Treasure BoxAnata wa Marine Senchou Otakara Bako kara Mitsuketa
146922,Kidou Senshi Gundam Suisei no Majo  PROLOGUE
136145,Shiguang Dailiren Special
133965,Komisan wa Komyushou desu
117764,BanG Dream Episode of Roselia II Song I am
114194,BEASTARS 2
109928,Inuou
107663,Kanata no Astra
102167,Yuri Plisetsky GPF in Barcelona EX Welcome to The Madness
97940,Black Clover
21248,PERSONA 3 THE MOVIE 4 Winter of Rebirth
13759,Sakurasou no Pet na Kanojo
9656,Kimi ni Todoke 2ND SEASON
6045,Kimi ni Todoke
1566,Koukaku Kidoutai STAND ALONE COMPLEX  Solid State Society
95, Gundam
111428,Maoujou de Oyasumi
99255,Shokugeki no Souma San no Sara
21776,Kobayashisan Chi no Maidragon
21470,Meitantei Conan Junkoku no Nightmare
21235,Kuroko no Basket Saikou no Present Desu
20606,Kuroshitsuji Book of Circus
11771,Kuroko no Basket
9863,SKET DANCE
4901,BLACK LAGOON Robertas Blood Trail
3901,Baccano Specials
227,FLCL
151806,Tomochan wa Onnanoko
132692,GHOST
131646,Vanitas no Carte
114317,Thunderbolt Fantasy Seiyuu Genka
111730,veil
105595,Kidou Senshi Gundam Senkou no Hathaway
104198,Gochuumon wa Usagi desu ka BLOOM
97996,Kono Subarashii Sekai ni Shukufuku wo 2 Kono Subarashii Geijutsu ni Shukufuku wo
20723,Yowamushi Pedal GRANDE ROAD
20670,Kuroshitsuji Book of Murder
14813,Yahari Ore no Seishun Love Come wa Machigatteiru
6336,Kidou Senshi Gundam UC
2761,Densetsu Kyojin Ideon Hatsudouhen
139092,Mairimashita Irumakun 3
122639,Dou Po Cangqiong 4
119806,Thunderbolt Fantasy Touriken Yuuki 3
118857,Inochi no Tabekata
114979,Love Live Superstar
114236,Enen no Shouboutai Ni no Shou
113311,Kakushigoto
108581,Hi Score Girl II
107912,Cike Wu Liuqi
103543,Douluo Dalu Jingying Sai
101573,Yagate Kimi ni Naru
98436,Mahoutsukai no Yome
97860,Yuuki Yuuna wa Yuusha de Aru Washio Sumi no Shou 3  Yakusoku
21049,ReLIFE
20661,Zankyou no Terror
20546,Meitantei Conan Ijigen no Sniper
16706,Kami nomi zo Shiru Sekai Megamihen
1943,Paprika
889,BLACK LAGOON
151040,TRIGUN STAMPEDE
147885,Cool Doji Danshi
129348,Douluo Dalu Qian Hua Xi Jin
100780,Ginga Eiyuu Densetsu Die Neue These  Seiran
99425,Promare
20879,Durararax2 Ten
20652,Durararax2 Shou
15323,ONE PIECE Episode of Nami  Koukaishi no Namida to Nakama no Kizuna
12069,Hajime no Ippo THE FIGHTING Boxer no Kobushi
8129,Kuragehime
5680,KON
4224,Toradora
4155,ONE PIECE FILM STRONG WORLD
2563,ARIA The OVA ARIETTA
2236,Toki wo Kakeru Shoujo
1364,Meitantei Conan Tengoku e no Count Down
127690,PUI PUI Molcar
123330,Machikado Mazoku 2Choume
104307,Hi Score Girl EXTRA STAGE
21088,Yuru Yuri SanHai
20555,Omoide no Marnie
19123,ONE PIECE Episode of Merry  Mou Hitori no Nakama no Monogatari
17549,Non Non Biyori
14513,Magi The labyrinth of magic
3016,Ginga Eiyuu Densetsu Arata Naru Tatakai no Overture
139498,Tensei Shitara Slime Datta Ken Guren no Kizunahen
117556,ARIA The CREPUSCOLO
114555,Wan Sheng Jie
108463,Jibaku Shounen Hanakokun
108268,Honzuki no Gekokujou Shisho ni Naru Tame ni wa Shudan wo Erandeiraremasen
102969,Gakuen Babysitters OVA
21709,Yuuri on ICE
21244,Haikyuu Shousha to Haisha
20593,Hanamonogatari
20447,Noragami
14807,Kara no Kyoukai Mirai Fukuin
6467,Meitantei Conan Tenkuu no Lost Ship
3604,Hidamari Sketch x 365
3371,Ginga Eiyuu Densetsu Gaiden Senoku no Hoshi Senoku no Hikari
416,Kurenai no Buta
135,Hikaru no Go
100773,Shokugeki no Souma San no Sara  Tootsuki Resshahen
97757,Fatekaleid liner PrismaIllya Sekka no Chikai
21268,Kidou Senshi Gundam Tekketsu no Orphans
20854,Baby Steps 2
20640,Aikatsu Movie
18661,Kamisama Hajimemashita OVA
136436,Kobayashisan Chi no Maidragon S Nippon no Omotenashi Attend wa Dragon Desu
108039,Kidou Senshi Gundam THE ORIGIN  Zenya Akai Suisei
103275,FateGrand Order Zettai Majuu Sensen Babylonia
10012,Carnival Phantasm
7645,Heartcatch Precure
7054,Kaichou wa Maidsama
2581,Kidou Senshi Gundam 00
2164,Dennou Coil
2034,LovelyComplex
1471,City Hunter 2
781,Meitantei Conan Seikimatsu no Majutsushi
187,Initial D THIRD STAGE
77,Mahou Shoujo Lyrical Nanoha As
66,Azumanga Daiou THE ANIMATION
165557,Kaguyasama wa Kokurasetai Ultra Romantic 3rd Season Teaser PV  Ishigami Yuu wa Kataritai
159490,Wu Liuqi Anying Suming
135806,Isekai Ojisan
130050,Summer Ghost
116267,Tonikaku Kawaii
102997,Quanzhi Gaoshou 2
21043,ARIA The AVVENIRE
19815,No Game No Life
15689,Nekomonogatari Kuro
3167,Eve no Jikan Are you enjoying the time of EVE
1367,Meitantei Conan Ginyoku no Magician
237,Koukyoushihen Eureka Seven
159110,Fight Song
138882,Kumichou Musume to Sewagakari
113308,Kinen Satsuei
103302,Kono Oto Tomare
21858,Little Witch Academia TV
21613,Youjo Senki
21335,ONE PIECE FILM GOLD
21311,Bungou Stray Dogs
20515,STAND BY ME Doraemon
7465,Eve no Jikan Movie
3783,Kara no Kyoukai Tsuukaku Zanryuu
2759,Evangelion Shin Movie Jo
2025,DARKER THAN BLACK Kuro no Keiyakusha
532,Bishoujo Senshi Sailor Moon S
268,GOLDEN BOY Sasurai no Obenkyou Yarou
154364,Mahoutsukai no Yome SEASON 2
134283,Tunshi Xingkong 2
107660,BEASTARS
21893,Kidou Senshi Gundam Thunderbolt December Sky
21120,Haikyuu Owari to Hajimari
9735,Gintama Shinyaku Benizakurahen Special
9734,KON Keikaku
7720,Ookiku Furikabutte Natsu no Taikaihen
5681,Summer Wars
4722,Skip Beat
1921,Urusei Yatsura 2 Beautiful Dreamer
1453,Maison Ikkoku
1363,Meitantei Conan Hitomi no Naka no Ansatsusha
269,BLEACH
223,Dragon Ball
72,Full Metal Panic Fumoffu
138700,Yuukoku no Moriarty OVA
134168,Douluo Dalu Shan Yu Yu Lai
129347,Douluo Dalu Haotian Yang Wei
128705,Blue Period
101813,Code Geass Hangyaku no Lelouch III  Oudou
101474,Overlord III
100855,Emiyasan Chi no Kyou no Gohan
99263,Tate no Yuusha no Nariagari
21459,Boku no Hero Academia
20882,Gintama Futon ni Haitte kara Buki Nokoshi ni Kizuite Neru ni Nerenai Toki mo Aru
14175,Hanasaku Iroha HOME SWEET HOME
8425,GOSICK
7222,Macross Frontier Sayonara no Tsubasa
4772,ARIA The ORIGINATION Sono Choppiri Himitsu no Basho ni
153973,Utakata Lullaby
142769,Natsu e no Tunnel Sayonara no Deguchi
141212,Tonikaku Kawaii Seifuku
137728,Dou Po Cangqiong Nian Fan
122808,Princess Connect ReDive Season 2
110857,Aggressive Retsuko Season 3
20900,Ao Haru Ride PAGE13
20766,Love Live The School Idol Movie
20625,Yuru Yuri Nachuyachumi
9289,Hanasaku Iroha
9130,Saint Seiya THE LOST CANVAS  Meiou Shinwa 2
7711,Karigurashi no Arrietty
6862,KON Live House
6547,Angel Beats
6211,Tokyo Magnitude 80
4789,ef a tale of melodies
3927,Kidou Senshi Gundam 00 2nd Season
3228,Zoku Sayonara Zetsubou Sensei
1506,Meitantei Conan Tanteitachi no Requiem
846,School Rumble Ni Gakki
322,Paradise Kiss
85,Kidou Senshi Zeta Gundam
143338,Otonari no Tenshisama ni Itsunomanika Dame Ningen ni Sareteita Ken
101169,IDOLiSH7 Vibrato
100298,Megalo Box
21585,Non Non Biyori Repeat  Hotaru ga Tanoshinda
21394,Magi Sinbad no Bouken
21158,HighSpeed Free Starting Days
20668,Gekkan Shoujo Nozakikun
10534,Doraemon Shin Nobita to Tetsujin Heidan  Habatake Tenshitachi
1486,Kodomo no Omocha
795,Oniisama e
658,Touhai Densetsu Akagi Yami ni Maiorita Tensai
535,Slayers NEXT
145893,Oz
142853,Tokyo Revengers Seiya Kessenhen
121664,DAICON IV Opening Animation
117765,BanG Dream Poppin Dream
110350,ID INVADED
107693,Mairimashita Irumakun
107202,Free Road to the World  Yume
99699,Golden Kamuy
98659,Youkoso Jitsuryoku Shijou Shugi no Kyoushitsu e
97886,Kekkai Sensen  BEYOND
21495,Tanakakun wa Itsumo Kedaruge
21324,Tamayura Sotsugyou Shashin Part 3  Akogare
21241,Ushio to Tora 2 TV
20946,Ore Monogatari
20906,Lupin III PART IV
16067,Nagi no Asukara
14719,JoJo no Kimyou na Bouken TV
4938,Tsubasa Shunraiki
3665,Ginga Eiyuu Densetsu Gaiden Rasen Meikyuu
1382,YuushaOu GaoGaiGar FINAL
1376,Ojamajo Doremi Naisho
1065,Touch
731,Interstella 5555 THE 5TORY OF THE 5ECRET 5TAR 5YSTEM
441,Shoujo Kakumei Utena Adolescence Mokushiroku
147103,Watashi no Shiawase na Kekkon
129196,Dungeon ni Deai wo Motomeru no wa Machigatteiru Darou ka IV Shin Shou Meikyuuhen
108978,Chuan Shu Zijiu Zhinan
97880,Code Geass Fukkatsu no Lelouch
20872,Plastic Memories
18179,Yowamushi Pedal
12403,Yuru Yuri
9963,Meitantei Conan Chinmoku no Quarter
9563,Hidamari Sketch x  Specials
6421,Hagane no Renkinjutsushi FULLMETAL ALCHEMIST Mihousou Episode
6377,Zan Sayonara Zetsubou Sensei
1559,Shijou Saikyou no Deshi Kenichi
1089,Choujikuu Yousai Macross Ai Oboete Imasu ka
140999,Sword Art Online Progressive  Kuraki Yuuyami no Scherzo
132545,Dakaretai Otoko 1i ni Odosarete Imasu Spainhen
132171,Dance Dance Danseur
132126,Sonny Boy
116756,FateGrand Order Shuukyoku Tokuiten  Kani Jikan Shinden Solomon
110413,Lupin III THE FIRST
99634,Shingeki no Kyojin LOST GIRLS
21803,Kubikiri Cycle Aoiro Savant to Zaregotozukai
21458,Kidou Senshi Gundam Thunderbolt
21348,Haikyuu VS Akaten
17909,Uchouten Kazoku
11739,Kimi to Boku 2
11113,Usagi Drop Specials
996,Bishoujo Senshi Sailor Moon Sailor Stars
949,Top wo Nerae GunBuster
543,Vampire Hunter D 2000
464,ONE PIECE THE MOVIE Omatsuri Danshaku to Himitsu no Shima
353,Ojamajo Doremi Dokkaan
73,Full Metal Panic The Second Raid
143082,Sasaki to Miyano Koi ni Kizuku Mae no Chottoshita Hanashi
137761,Douluo Dalu Chongfan Haotian
126659,Boku no Hero Academia THE MOVIE World Heroes Mission
124195,Hanma Baki
113917,PSYCHOPASS 3 FIRST INSPECTOR
100661,HUGtto Precure
99302,ONE PIECE Episode of East Blue  Luffy to 4nin no Nakama no Daibouken
98292,NEW GAME
20826,Seitokai Yakuindomo OVA
20057,SpaceDandy
16001,Kokoro Connect Michi Random
14353,Death Billiards
12477,Sakasama no Patema
5365,Tsumiki no Ie
2828,Ie Naki Ko
2150,Tanoshii Moomin Ikka
81,Kidou Senshi Gundam Dai 08 MS Shotai
147864,Oniichan wa Oshimai
126663,Ahoy Warera Houshou Kaizokudan
125038,Shadows House
119113,Shingeki no Kyojin Chronicle
107203,Free the Final Stroke  Zenpen
98658,ShoujoKageki Revue Starlight
98497,Free Take Your Marks
98460,DEVILMAN crybaby
98438,Hoozuki no Reitetsu 2
97619,LUPIN THE IIIRD Chikemuri no Ishikawa Goemon
21135,Tamayura Sotsugyou Shashin Part 2  Hibiki
21058,Akagami no Shirayukihime
21034,Gochuumon wa Usagi desu ka
20832,Overlord
18397,Shingeki no Kyojin OVA
17265,Log Horizon
11237,Hidamari Sketch x SP
10521,Working
10080,Kami nomi zo Shiru Sekai II
10049,Nurarihyon no Mago Sennen Makyou
9996,Hyouge Mono
4918,xxxHOLiC Shunmuki
4106,TRIGUN Badlands Rumble
4059,CLANNAD Mou Hitotsu no Sekai Tomoyohen
3588,Soul Eater
2167,CLANNAD
1604,Katekyou Hitman REBORN
851,Kyou kara Ore wa
153,Juuni Kokuki
109963,Shokugeki no Souma Shin no Sara
109819,Mob Psycho 100 Daiikkai Rei toka Soudansho Ian Ryokou  Kokoro Mitasu Iyashi no Tabi
98240,Seitokai Yakuindomo Movie
21813,Gochuumon wa Usagi desu ka Dear My Sister
21791,Bungou Stray Dogs Hitori Ayumu
21501,Gintama Jump Festa 2015 Special
14349,Little Witch Academia
6007,Ookami to Koushinryou II Ookami to Kohakuiro no Yuuutsu
26,TEXHNOLYZE
156067,Tondemo Skill de Isekai Hourou Meshi
154001,Kaze no Yukue
125206,Tsuki ga Michibiku Isekai Douchuu
107179,Dramaturgy
107069,Wu Shan Wu Xing Zhuo Yuan Shen Huo
104199,Gochuumon wa Usagi desu ka Sing For You
99935,Tongling Fei
99916,Asagao to Kasesan
13331,Jormungand PERFECT ORDER
1257,Saint Seiya Meiou Hades Juuni Kyuuhen
302,Mirai Shounen Conan
249,Inuyasha
16,Hachimitsu to Clover
133124,Free the Final Stroke  Kouhen
113023,ShoujoKageki Revue Starlight Rondo Rondo Rondo
112135,Kono Sekai no Sara ni Ikutsumono Katasumi ni
106206,Meitantei Conan Konjou no Fist
105310,Enen no Shouboutai
105200,Aggressive Retsuko Season 2
101992,Hibike Euphonium Chikai no Finale
97859,Yuuki Yuuna wa Yuusha de Aru Washio Sumi no Shou 2  Tamashii
21711,91Days
21574,Kono Subarashii Sekai ni Shukufuku wo Kono Subarashii Choker ni Shufuku wo
21180,Saenai Heroine no Sodatekata 
20790,Magic Kaito 1412
7338,DARKER THAN BLACK Kuro no Keiyakusha  Gaiden
3702,Detroit Metal City
3014,Ginga Eiyuu Densetsu Waga Yuku wa Hoshi no Taikai
2951,Gintama Jump Festa 2005 Special
2159,Ookiku Furikabutte
966,Crayon Shinchan
849,Suzumiya Haruhi no Yuuutsu
141802,Douluo Dalu Xiaowu Fuhuo
141208,Tonikaku Kawaii Season 2
138714,Heike Monogatari
125446,Kageki Shoujo
124196,Prayer X
123899,Ai no Utagoe wo Kikasete
116610,BanG Dream FILM LIVE 2nd Stage
113653,Meitantei Conan Hiiro no Dangan
109737,StarTwinkle Precure Hoshi no Uta ni Omoi wo Komete
102090,Yuru Yuri
100465,Shingeki no Kyojin Season 2 Kakusei no Houkou
98580,Kobayashisan Chi no Maidragon Valentine Soshite Onsen Amari Kitai Shinaide Kudasai
21778,Kishibe Rohan wa Ugokanai
21091,Free Eternal Summer  Kindan no All Hard
20968,Kokoro ga Sakebitagatterun da
19489,Little Witch Academia Mahoujikake no Parade
13203,LUPIN the Third Mine Fujiko to Iu Onna
2605,Sayonara Zetsubou Sensei
2154,Tekkon Kinkreet
1023,Wolfs Rain OVA
139809,Lagtrain
131182,Yama no Susume Next Summit
129759,Princess Principal Crown Handler  Chapter 2
128752,Kuraku Kuroku
127412,Taishou Otome Otogibanashi
127227,Kakushigoto Himegoto wa Nandesuka
120607,Ame wo Matsu
116605,Date A Live IV
112381,raison detre
108617,Somali to Mori no Kamisama
101811,Code Geass Hangyaku no Lelouch I  Koudou
101281,Carole  Tuesday
21214,Yuru Yuri Nachuyachumi
20978,LUPIN THE IIIRD Jigen Daisuke no Bohyou
20794,Aikatsu 3
16395,SKET DANCE Imouto no Nayami ni Nayamu Ani ni Nayamu Imouto to Sono Nakamatachi
2450,Crayon Shinchan Arashi wo Yobu Mouretsu Otona Teikoku no Gyakushuu
790,Ergo Proxy
780,Meitantei Conan Juuyonbanme no Target
779,Meitantei Conan Tokei Jikake no Matenrou
570,JINROH
154967,Seishun Buta Yarou wa Odekake Sister no Yume wo Minai
146975,THE iDOLMSTER Cinderella Girls U149
120646,Senpai ga Uzai Kouhai no Hanashi
112802,Uramichi Oniisan
103712,Bishoujo Senshi Sailor Moon Eternal  Kouhen
101117,Free Dive to the Future
100653,Meitantei Conan Zero no Shikkounin
98542,Aikatsu Stars Hoshi no Tsubasa
18429,Lupin III vs Meitantei Conan THE MOVIE
12893,Danshi Koukousei no Nichijou Specials
9204,Omae Umasou da na
6984,Hidamari Sketch x 365 Specials
5029,Major Yuujou no Ikkyuu
4087,Michiko to Hatchin
1530,Kanon 2006
861,xxxHOLiC
153629,Tensei Oujo to Tensai Reijou no Mahou Kakumei
141014,Tomodachi Game
137075,VOYGER
133898,Dragon Ball Super Super Hero
128643,Yahari Ore no Seishun Love Come wa Machigatteiru Kan Dakara Shishunki wa Owarazu ni Seishun wa Tsuzuiteiku
101574,SHIROBAKO Movie
97769,Yuuki Yuuna wa Yuusha de Aru Yuusha no Shou
20835,ONE PIECE 3D2Y Ace no shi wo Koete Luffy Nakama to no Chikai
14075,Zetsuen no Tempest
6171,Saint Seiya THE LOST CANVAS  Meiou Shinwa
4872,Goku Sayonara Zetsubou Sensei
4672,GHOST IN THE SHELL Koukaku Kidoutai 20
3572,Macross Frontier
2449,Koukaku Kidoutai Stand Alone Complex  The Laughing Man
1482,DGrayman
1470,City Hunter
165356,Shuumatsu no Valkyrie II Part 2
161923,VINLAND SAGA SEASON 2 Drowning in the Shadow
140642,Love Live Superstar 2nd Season
133891,Love Live Nijigasaki Gakuen School Idol Doukoukai 2
111048,Kengan Ashura Part 2
110595,Yi Nian Yongheng
104990,PSYCHOPASS Sinners of the System Case 3 Onshuu no Kanata ni     
103572,Gotoubun no Hanayome
100049,ReZero kara Hajimeru Isekai Seikatsu OVAs
98876,Hibike Euphonium Todoketai Melody
21005,Grisaia no Meikyuu
20985,PriPara 2nd Season
20767,Date A Live II Kurumi Star Festival
20181,Aikatsu 2
18619,Girls und Panzer Kore ga Hontou no Anziosen Desu
16870,THE LAST NARUTO THE MOVIE
16782,Kotonoha no Niwa
15809,Hataraku Maousama
10357,Jinrui wa Suitai Shimashita
9941,TIGER  BUNNY
8740,ONE PIECE FILM STRONG WORLD  EPISODE0
6774,Kuuchuu Buranko
4985,Mahou Shoujo Lyrical Nanoha The MOVIE 1st
1914,Saiunkoku Monogatari 2nd Season
1695,Les Misrables Shoujo Cosette
793,xxxHOLiC Manatsu no Yoru no Yume
80,Kidou Senshi Gundam
24,School Rumble
129677,Benghuai 3 Nwang Jianglin
119941,Noragami ARAGOTO OVA
104052,Hoshiai no Sora
101632,BanG Dream GarupaPico
98866,Yama no Susume Third Season
98861,Quanzhi Gaoshou
98554,Cardcaptor Sakura Clear Cardhen  Prologue Sakura to Futatsu no Kuma
21771,planetarian Hoshi no Hito
21672,Senki Zesshou Symphogear AXZ
21001,Go Princess Precure
19111,Love Live School idol project 2nd Season
14741,Chuunibyou demo Koi ga Shitai
323,Mousou Dairinin
15,Eyeshield 21
153982,Sekai no Tsuzuki
151801,MASHLE
141949,Fuufu Ijou Koibito Miman
131548,Akebichan no Sailor Fuku
127149,FateGrand Carnival
105018,Kimi to Nami ni Noretara
104213,Osomatsusan The Movie
98437,Overlord II
98144,Mahoujin Guru Guru 2017
21462,Bishoujo Senshi Sailor Moon Crystal  Death Bustershen
21356,Pocket Monsters XYZ
20884,Haikyuu Lev Kenzan
20609,Magi Sinbad no Bouken OVA
20605,Tokyo Ghoul
19319,Gundam Build Fighters
15039,Ano Hi Mita Hana no Namae wo Bokutachi wa Mada Shiranai Movie
10029,Coquelicotzaka kara
4921,Ramayana Rama Ouji Densetsu
4280,Kara no Kyoukai Garan no Dou
885,Tenshi no Tamago
151606,BIRDIE WING Golf Girls Story Season 2
146409,Shen Yin Wangzuo
132806,Isekai Shokudou 2
131142,Palette
129686,Benghuai 3 Seele
129682,Benghuai 3 Tianshi Chonggou
113906,BanG Dream GarupaPico Oomori
103874,Doukyonin wa Hiza Tokidoki Atama no Ue
100852,Hoozuki no Reitetsu 2 Part II
100791,Yuuki Yuuna wa Yuusha de Aru Washio Sumi no Shou
21307,Aikatsu 4
19703,Kyousougiga TV
10643,Gintama Dai Hanseikai
9074,Arakawa Under the Bridge x Bridge
7044,Zan Sayonara Zetsubou Sensei Bangaichi
6033,Dragon Ball Kai
5678,Kobato
4053,Tennis no Oujisama Zenkoku Taikaihen Final
3603,JoJo no Kimyou na Bouken Phantom Blood
967,Hokuto no Ken
934,Higurashi no Naku Koro ni
530,Bishoujo Senshi Sailor Moon
477,ARIA The ANIMATION
154164,Violet Evergarden CM
146140,BanG Dream Girls Band Party 5th Anniversary Animation  CiRCLE THANKS PARTY
145210,Douluo Dalu Feng Qi Tangmen
138056,Shuumatsu no Valkyrie II
129689,Benghuai 3 Tianqiong Liuxing
125368,Kaguyasama wa Kokurasetai Tensaitachi no Renai Zunousen OVA
120213,Shanhe Jian Xin
113692,Seitokai Yakuindomo Movie 2
100402,Tsurune Kazemai Koukou Kyuudoubu
21289,New Initial D Movie Legend 3  Mugen
21261,Osomatsusan
21006,Grisaia no Rakuen
20574,Hi Score Girl
16916,Kuroko no Basket Tip Off
10119,Seitokai Yakuindomo OVA
8408,Durarara Specials
4472,LuckyStar OVA
2508,Genshiken 2
2397,Digimon Adventure Bokura no War Game
122,Full Moon wo Sagashite
148969,Kubosan wa Mob wo Yurusanai
135171,BanG Dream GarupaPico Fever
130550,Totsukuni no Shoujo 2022
130389,Mahouka Koukou no Rettousei Tsuiokuhen
129462,Heikousen
115516,Ruruchan no Jisatsu Haishin
115036,Kokoro Yohou
106921,Tokyo Ghetto
21123,DRIFTERS
20869,Gekkan Shoujo Nozakikun Mini OVA
20692,Shingeki no Kyojin Kouhen Jiyuu no Tsubasa
15771,SaintOniisan
11813,Shijou Saikyou no Deshi Kenichi OVA
6438,Meitantei Conan 10 Nengo no Stranger
5231,Inazuma Eleven
3785,Evangelion Shin Movie Kyuu
2448,Koukaku Kidoutai Stand Alone Complex 2nd GIG  Individual Eleven
1594,Jigoku Shoujo Futakomori
875,Mind Game
427,Kaleido Star
145,Kareshi Kanojo no Jijou
114,Sakigake Cromartie Koukou
126898,Shinkai
124845,Wonder Egg Priority
118609,Obenkyou Shitoiteyo
116566,Akudama Drive
108942,Shingeki no Kyojin Chimi Kyara Gekijou  Rivaihan
107740,Hollowness
107490,Machikado Mazoku
107176,Oki ni Mesu mama
100484,Thunderbolt Fantasy Seishi Ikken
20805,Tamayura Sotsugyou Shashin Part 1  Kizashi
20514,PSYCHOPASS Movie
20510,Baby Steps
20485,Yama no Susume Second Season
20448,Seitokai Yakuindomo
20371,Sekaiichi Hatsukoi Movie Yokozawa Takafumi no Baai
15731,Tamayura More Aggressive
12413,Jormungand
5682,Phantom Requiem for the Phantom
2924,ef a tale of memories
1520,Black Jack
1092,Kidou Senshi Gundam III Meguriai Sorahen
978,Change Getter Robo Sekai Saigo no Hi
645,Hikaru no Go Hokuto Hai e no Michi
158539,Oemojisangjuui
155011,Berserk Ougon Jidaihen  MEMORIAL EDITION 
126287,PUPARIA
118126,Macross  Zettai LIVE
117012,Tunshi Xingkong
108759,Sword Art Online Alicization  War of Underworld
108630,Majo Minarai wo Sagashite
103277,FateGrand Order Shinsei Entaku Ryouiki Camelot  Paladin Agateram
101844,Ani ni Tsukeru Kusuri wa Nai 2
100182,Sword Art Online Alicization
98505,Princess Principal
20596,Ao Haru Ride
20572,Kill la Kill Tokubetsuhen
5074,Tetsuwan Birdy DECODE02
4447,Meitantei Conan Senritsu no Gakufu Full Score
3782,Kara no Kyoukai Satsujin Kousatsu Zen
1974,Glass no Kamen 2005
1088,Choujikuu Yousai Macross
995,Tennis no Oujisama Zenkoku Taikaihen
985,Dragon Ball Z Zetsubou e no Hankou Nokosareta Chousenshi  Gohan to Trunks
740,Bishoujo Senshi Sailor Moon R
324,Kidou Keisatsu Patlabor ON TELEVISION
28,Yakitate Japan
149939,Ranma 12 Nettouhen
142877,Rurouni Kenshin Meiji Kenkaku Romantan 2023
117763,BanG Dream Episode of Roselia I Yakusoku
114888,Fugou Keiji BalanceUNLIMITED
21386,One Punch Man Road to Hero
17895,Golden Time
12113,Berserk Ougon Jidaihen II  Doldrey Kouryaku
11887,Kokoro Connect
8038,Nodame Cantabile Finale Special
7588,Saraiya Goyou
1462,MEMORIES
1379,Kino no Tabi Nanika wo Suru Tame ni life goes on
154982,Gokushufudou Season 2
151379,Akiba Meido Sensou
150075,Kono Subarashii Sekai ni Bakuen wo
146850,Isekai Nonbiri Nouka
130713,Mahoutsukai no Yome Nishi no Shounen to Seiran no Kishi
107913,Cike Wu Liuqi Fanwai
99468,Karakai Jouzu no Takagisan
98524,Gabriel Dropout Specials
97918,Koutetsujou no Kabaneri Unato Kessen
97881,Cardcaptor Sakura Clear Cardhen
21823,ACCA 13ku Kansatsuka
21416,One Punch Man OVA
20997,Charlotte
20497,Non Non Biyori Okinawa e Ikukoto ni Natta
20494,Noragami OVA
10083,Shiki Specials
9513,Beelzebub
8687,Doraemon 2005
8310,Magic Kaito
6115,Lupin III vs Meitantei Conan
2321,Giant Robo THE ANIMATION Chikyuu ga Seishi Suru Hi
2035,Eikoku Koi Monogatari Emma Moldershen
1472,City Hunter 3
552,Digimon Adventure
139435,Shinigami Bocchan to Kuro Maid 2nd Season
131568,Yasashii Suisei
125839,Bakuten
115069,D4DJ First Mix
108522,Baki Dai Raitaisaihen
101595,Princess Principal Crown Handler  Chapter 1
100965,Love Live Sunshine The School Idol Movie Over the Rainbow
87495,IDOLiSH7
21860,Shuumatsu Nani Shitemasu ka Isogashii desu ka Sukutte Moratte Ii desu ka
21714,Flip Flappers
21646,Meitantei Conan Gouka no Himawari
21631,Udon no Kuni no Kiniro Kemari
21364,GATE Jieitai Kanochi nite Kaku Tatakaeri 2
20762,Sidonia no Kishi Daikyuu Wakusei Seneki
20635,Dragon Ball Kai 2014
20614,Free Eternal Summer
8795,Panty  Stocking with Garterbelt
7724,Shiki
6586,Yumeiro Ptissire
6213,Toaru Kagaku no Railgun
1729,Mariasama ga Miteru 3rd Season OVA
468,Innocence
140596,Ijiranaide Nagatorosan 2nd Attack
138880,Yuuseiboushi
136344,Lord ElMelloi IIsei no Jikenbo Rail Zeppelin Grace note Tokubetsuhen
122434,Heion Sedai no Idatentachi
104922,Dou Po Cangqiong 3
101571,Aggressive Retsuko
98349,Love Live Sunshine 2nd Season
21313,Akagami no Shirayukihime Nandemonai Takaramono Kono Page
20993,Owari no Seraph Nagoya Kessenhen
20732,Hoozuki no Reitetsu OVA
8142,Colorful
5310,Macross Frontier Itsuwari no Utahime
2752,Tennis no Oujisama Zenkoku Taikaihen Semifinal
2618,Takarajima
2158,Terra e TV
1505,Meitantei Conan Suihei Senjou no Sutoratejii
1095,Kidou Keisatsu Patlabor The Movie
874,Digimon Tamers
157883,Hirogaru Sky Precure
132532,Deaimon
126661,Boku no Hero Academia THE MOVIE HeroesRising  Epilogue Plus Yume wo Genjitsu ni
111944,Ongaku
110088,Ani ni Tsukeru Kusuri wa Nai 3
105081,Joshikousei no Mudazukai
100723,Boku no Hero Academia THE MOVIE Futari no Hero
99749,FAIRY TAIL 2018
98222,Meitantei Conan Kara Kurenai Love Letter
21647,orange
21559,PriPara 3rd Season
21455,NEW GAME
20878,Meitantei Conan Edogawa Conan Shissou Jiken  Shijou Saiaku no Futsukakan
20764,Aoki Hagane no Arpeggio Ars Nova  Cadenza
12445,Tasogare Otome x Amnesia
6351,CLANNAD After Story  Mou Hitotsu no Sekai Kyouhen
4163,Seto no Hanayome OVA
1887,LuckyStar
1366,Meitantei Conan Meikyuu no Crossroad
597,Neko no Ongaeshi
401,Rurouni Kenshin Meiji Kenkaku Romantan  Seisouhen
22,Tennis no Oujisama
166104,Tonikaku Kawaii Joshikouhen
149799,Douluo Dalu Fenghuo Buxi
139754,Shingeki no Kyojin Chimi Kyara Gekijou  Final
137742,Yi Nian Yongheng Chuancheng Pian
131516,Do It Yourself
104368,Asobi Asobase Specials
101920,Douluo Dalu
101249,Penguin Highway
101206,Yuru Camp OVA
98291,Tsurezure Children
21703,Fune wo Amu
21039,Shigatsu wa Kimi no Uso MOMENTS
20990,New Initial D Movie Legend 2  Dokusou
20727,Kekkai Sensen
20481,Little Busters EX
18153,Kyoukai no Kanata
15117,Kami nomi zo Shiru Sekai Tenrihen
10278,THE IDOLMSTER
9465,Break Blade 4 Sanka no Chi
8426,Hourou Musuko
1473,City Hunter 91
1425,Lupin III Part II
569,Musekinin Kanchou Tylor
451,Inuyasha Tenka Hadou no Ken
154983,Aggressive Retsuko Season 5
151847,Kanojo ga Koushakutei ni Itta Riyuu
146443,YOKU
143086,Poputepipikku 2
132821,Semantic Error Special
113950,SSSSDYNAZENON
113932,Hakumei no Tsubasa
108354,Totsukuni no Shoujo
107625,Cider no You ni Kotoba ga Wakiagaru
106915,Manga de Wakaru FateGrand Order
106479,Itai no wa Iya nano de Bougyoryoku ni Kyokufuri Shitai to Omoimasu
20842,New Initial D Movie Legend 1  Kakusei
20768,Kyoukai no Kanata ILL BE HERE  Kakohen
20159,Pocket Monsters THE ORIGIN
14511,Minamike Tadaima
9930,Snow Halation
9724,Break Blade 5 Shisen no Hate
6956,Working
2582,Soukou Kihei Votoms
2471,Doraemon 1979
397,Seikai no Senki II
152213,Douluo Dalu Benfu Qianxian
139587,Tensei Shitara Ken Deshita
132467,Tokyo Revengers Chibi Reve
132193,Gokushufudou Part 2
126357,Xian Wang De Richang Shenghuo 2
114981,Heya Camp Sauna to Gohan to Sanrin Bike
112609,Majo no Tabitabi
103588,Free Dive to the Future Episode 0 Soushun no Buildup
98582,Diamond no Ace Second Season OVA
98496,Free Timeless Medley  Yakusoku
21407,Yowamushi Pedal NEW GENERATION
20691,Shingeki no Kyojin Zenpen Guren no Yumiya
9288,Heartcatch Precure Hana no Miyako de Fashion Show Desu ka
4192,Hayate no Gotoku
3750,Mariasama ga Miteru 4th Season
2952,Final Fantasy VII Advent Children Complete
400,Seihou Bukyou Outlaw Star
371,Cardcaptor Sakura Movie
210,Ranma 12
137800,Unison
116741,Tensei Shitara Slime Datta Ken Tensura Nikki
108040,Radiant 2
101908,HUGtto Precure  Futari wa Precure All Stars Memories
98874,Overlord Shikkoku no Senshi
97668,One Punch Man 2
21520,Koyomimonogatari
20529,Bokura wa Minna Kawaisou
1172,Slayers TRY
890,YuushaOu GaoGaiGar
120,Fruits Basket
97,Last Exile
157654,Love Live Nijigasaki Gakuen School Idol Doukoukai NEXT SKY
148104,Marine Shukkou
127271,Ryuu to Sobakasu no Hime
120046,Ani ni Tsukeru Kusuri wa Nai 4
115230,Kami no Tou Tower of God
112124,Dungeon ni Deai wo Motomeru no wa Machigatteiru Darou ka III
107441,Bokura Mada Underground
102882,3D Kanojo Real Girl 2
20754,Gakkou Gurashi
20628,Ginga Eiyuu Densetsu Die Neue These  Kaikou
15061,Aikatsu
12117,Meitantei Conan 11 Ninme no Striker
8525,Kami nomi zo Shiru Sekai
2175,Kino no Tabi the Beautiful World  Byouki no Kuni For You
2076,Kindaichi Shounen no Jikenbo TV
152211,Douluo Dalu Ayin Fuhuo
136064,Bakuten Movie
129277,Shinigami Bocchan to Kuro Maid
114308,Sword Art Online Alicization  War of Underworld Part 2
104170,Asobi Asobase OVA
102949,Fukigen na Mononokean Tsuzuki
101633,BanG Dream 2nd Season
97592,Demichan wa Kataritai
21577,Kanojo to Kanojo no Neko Everything Flows
21428,Hai to Gensou no Grimgar
20780,Bokura wa Minna Kawaisou Hajimete no
20590,Shingeki no Bahamut GENESIS
17437,THE IDOLMSTER MOVIE Kagayaki no Mukougawa e
16904,K MISSING KINGS
13667,ROAD TO NINJA NARUTO THE MOVIE
10935,Hourou Musuko Specials
9252,Break Blade 3 Kyoujin no Ato
6802,So Ra No Wo To
5630,Higashi no Eden
4811,Ichigo Mashimaro encore
1910,MASTER Keaton OVA
957,Saiunkoku Monogatari
474,Macross Plus
388,capeta
202,Wolfs Rain
87,Kidou Senshi Gundam Gyakushuu no Char
156111,Aishang Ta De Liyou
130318,MOGU MOGU YUMMY
117193,Boku no Hero Academia 5
108735,BanG Dream FILM LIVE
103871,Zombie Land Saga
102629,Kyoukai no Kanata ILL BE HERE  Kakohen Yakusoku no Kizuna Dansu MV
98873,Overlord Fushisha no Ou
98495,Free Timeless Medley  Kizuna
21376,Hibike Euphonium Kakedasu Monaka
21068,Durararax2 Shou Watashi no Kokoro wa Nabe Moyou
20994,GATE Jieitai Kanochi nite Kaku Tatakaeri
20970,Shouwa Genroku Rakugo Shinjuu Yotarou Hourouhen
20737,PERSONA 3 THE MOVIE 3 Falling Down
18119,Servant x Service
13535,Binbougami ga
12017,TIGER  BUNNY The Rising
8311,Tegami Bachi REVERSE
3165,Hidamari Sketch Specials
1002,Top wo Nerae 2 DIEBUSTER
528,Pocket Monsters Mewtwo no Gyakushuu
153964,Watashi wa Saikyou
151803,TIGER  BUNNY 2 Part 2
135866,Youjo Senki Sabaku no Pasta Daisakusen
132096,Kobayashisan Chi no Maidragon S Mini Dra
121034,Date A Bullet Nightmare or Queen
114195,Ore wo Suki nano wa Omae dake ka yo Oretachi no Game Set
114121,Xian Wang De Richang Shenghuo
113970,Love Live Nijigasaki Gakuen School Idol Doukoukai
113811,Honzuki no Gekokujou Shisho ni Naru Tame ni wa Shudan wo Erandeiraremasen OVA
112302,Major 2nd Season 2
108818,YELLOW
104647,Otome Game no Hametsu Flag shika Nai Akuyaku Reijou ni Tensei shiteshimatta
103713,Bishoujo Senshi Sailor Moon Eternal  Zenpen
101999,Kuroko no Basket LAST GAME NGshuu
100977,Hataraku Saibou
21648,Aikatsu Stars
21558,DGrayman HALLOW
21284,Flying Witch
21230,ONE PIECE Episode of Sabo  3Kyoudai no Kizuna Kiseki no Saikai to Uketsugareru Ishi
20736,PERSONA 3 THE MOVIE 2 Midsummer Knights Dream
20626,FAIRY TAIL 2014
20431,Hoozuki no Reitetsu
18753,Yahari Ore no Seishun Love Come wa Machigatteiru Kochira to Shite mo Karera Kanojora no Yukusue ni Sachi Ookaran Koto wo Negawazaru wo Enai
18245,WHITE ALBUM 2
14131,Girls und Panzer
8516,Baka to Test to Shoukanjuu Ni
1824,Hadashi no Gen
531,Bishoujo Senshi Sailor Moon R THE MOVIE
488,Ichigo Mashimaro
162983,Undead Girl Murder Farce
157295,Jijou wo Shiranai Tenkousei ga Guigui Kuru
153452,Ousama Ranking Yuuki no Takarabako
143663,Bakemonogatari PV
141055,Cinderella
133410,Yoru wa Honoka
126425,Watashi ni Tenshi ga Maiorita Precious Friends
120220,Dawang Raoming
106509,Tensei Shitara Slime Datta Ken OVA
99539,Nanatsu no Taizai Imashime no Fukkatsu
99476,Yowamushi Pedal GLORY LINE
98385,Koi wa Ameagari no You ni
97922,Inuyashiki
21637,Uchuu Patrol Luluco
20779,Kyoukai no Kanata 0 Shinonome
20684,Sekaiichi Hatsukoi Valentinehen
18671,Chuunibyou demo Koi ga Shitai Ren
10495,Yuru Yuri
7647,Arakawa Under the Bridge
2829,Ie Naki Ko Remi
1888,Ichigo Mashimaro OVA
1289,Kidou Keisatsu Patlabor NEW OVA
1281,Gakkou no Kaidan
516,Keroro Gunsou
267,Gungrave
144092,Benriya Saitousan Isekai ni Iku
139648,Genjitsu Shugi Yuusha no Oukoku Saikenki Part 2
132010,Koi wa Sekai Seifuku no Ato de
122979,MutekikyuuBeliever
117197,TIGER  BUNNY 2
107739,Lilac
101478,Wakaokami wa Shougakusei Movie
99726,Netjuu no Susume
99394,Demichan wa Kataritai Demichan no Natsuyasumi
99230,Rilakkuma to Kaorusan
21659,Amaama to Inazuma
21403,Sword Art Online Ordinal Scale
20807,Prison School
17249,Pretty Rhythm Rainbow Live
15793,Senki Zesshou Symphogear G
11001,Toshokan Sensou Kakumei no Tsubasa
8197,So Ra No Wo To Specials
6172,Layton Kyouju to Eien no Utahime
2994,DEATH NOTE Rewrite
429,Kaleido Star Legend of Phoenix  Layla Hamilton Monogatari
240,Genshiken
154,Shaman King
138351,Liang Bu Yi Part 2
117074,Isekai Quartet Another World
98868,Yama no Susume Omoide Present
21799,Ajin 2
20789,Nanatsu no Taizai
11123,Sekaiichi Hatsukoi 2
6582,Tentai Senshi Sunred 2
5781,Isekai no Seikishi Monogatari
1253,Saint Seiya Meiou Hades Meikaihen
1239,Bishoujo Senshi Sailor Moon SuperS
709,Mujin Wakusei Survive
352,Motto Ojamajo Doremi
96,Kidou Butouden G Gundam
147216,D4DJ All Mix
146501,BanG Dream Morfonication
134413,Yuru Camp SEASON 2 OVA
117913,Tokyo Autumn Session
116676,Kiniro Mosaic Thank you
116182,Tianbao Fuyao Lu
105156,Shinchou Yuusha Kono Yuusha ga Ore TUEEE Kuse ni Shinchou Sugiru
101386,Hitoribocchi no Marumaru Seikatsu
21410,Nejimaki Seirei Senki Tenkyou no Alderamin
20935,Arslan Senki TV
20671,Log Horizon 2
20560,Senki Zesshou Symphogear GX
18897,Nisekoi
12031,Kingdom
9510,Mitsudomoe Zouryouchuu
7193,Aoi Bungaku Series
1818,CLAYMORE
856,Utawarerumono
567,THE Big O
142914,Kyuuketsuki Sugu Shinu 2
142411,Boku no Hero Academia THE MOVIE World Heroes Mission  Tabidachi
141852,Xian Wang De Richang Shenghuo 3
122348,Mashiro no Oto
106920,Last Dance
99748,Hakumei to Mikochi
97858,Yuuki Yuuna wa Yuusha de Aru Washio Sumi no Shou 1  Tomodachi
21379,Fatekaleid liner PrismaIllya 3rei
20966,Yamadakun to 7nin no Majo
16934,Chuunibyou demo Koi ga Shitai Kirameki no Slapstick Noel
15989,Saki Achigahen  episode of sideA Specials
14735,Meitantei Conan Sekkai no Private Eye
12679,Joshiraku
10218,Berserk Ougon Jidaihen I  Haou no Tamago
8514,Break Blade 2 Ketsubetsu no Michi
8063,Sekaiichi Hatsukoi OVA
2961,Digimon Adventure Movie
2104,Seto no Hanayome
1813,Genshiken OVA
1491,Ginga Tetsudou 999
1412,Lupin III
534,Slayers
450,Inuyasha Kagami no Naka no Mugenjo
158870,Pocket Monsters Mezase Pokmon Master
156065,Running In The Dark
140830,BIRDIE WING Golf Girls Story
139586,Go Saitama
139310,Boku ga Aishita Subete no Kimi e
127044,Gunjou
112301,Maou Gakuin no Futekigousha Shijou Saikyou no Maou no Shiso Tensei shite Shisontachi no Gakkou e Kayou
111501,Runway de Waratte
108577,Sora no Aosa wo Shiru Hito yo
108307,PSYCHOPASS 3
107294,Jashinchan Dropkick
104382,PSYCHOPASS Sinners of the System Case 2 First Guardian
104371,Yeonae Haru Jeon 2
102836,Kuroko no Basket Winter Cup Soushuuhen  Namida no Saki e
99994,Pingu in the City
99614,Mahou Shoujo Lyrical Nanoha Detonation
21730,Uchuu Senkan Yamato 2202 Ai no Senshitachi
21191,FAIRY TAIL DRAGON CRY
20861,Diamond no Ace OVA
20654,Hello Kiniro Mosaic
20603,Kuroko no Basket Mou Ikkai Yarimasen ka
18849,Natsume Yuujinchou Nyankosensei to Hajimete no Otsukai
14941,AKB0048 next stage
12883,Tsuritama
4981,Casshern Sins
2963,Minamike
345,Eikoku Koi Monogatari Emma
146934,TEMPLATE
117533,Hataraku Saibou BLACK
107351,Haikyuu Tokushuu Harukou Volley ni Kaketa Seishun
102093,Kuroko no Basket Winter Cup Soushuuhen  Kage to Hikari
101812,Code Geass Hangyaku no Lelouch II  Handou
101426,Karakai Jouzu no Takagisan Water Slide
100179,Tadakun wa Koi wo Shinai
98702,Shokugeki no Souma Ni no Sara OVA
21678,Ansatsu Kyoushitsu 2 Kagaijugyouhen
21658,Kidou Senshi Gundam Unicorn RE 0096
20913,K RETURN OF KINGS
20829,Owari no Seraph
19775,Sidonia no Kishi
19671,FrFr Free short movie
19115,Giovanni no Shima
9751,Strike Witches Movie
1852,Hidamari Sketch
1719,Rozen Maiden Ouvertre
1007,Ranma 12 OVA
852,Gokinjo Monogatari
153424,Douluo Dalu Di Ying Laixi
152212,Douluo Dalu Gui Zong Zhi Lu
145813,Yuki Hodokishi Futaai
106240,HELLO WORLD
101696,Hakumei to Mikochi Neji to Bed to Irori to Bakuchi
101316,Irozuku Sekai no Ashita kara
101261,Sarazanmai
97980,ReCREATORS
21878,Gabriel Dropout
21638,Hibike Euphonium Kitauji Koukou Suisougakubu e Youkoso
21483,Owari no Seraph Owaranai Seraph
21114,Yowamushi Pedal Movie
20657,Saenai Heroine no Sodatekata
12187,Carnival Phantasm EX Season
11737,Ao no Exorcist Movie
10460,Kimi to Boku
10378,Shinryaku Ika Musume
10161,NO6
10092,Break Blade 6 Doukoku no Toride
6024,Chis Sweet Home Atarashii Ouchi
2593,Kara no Kyoukai Fukan Fuukei
1279,Taiyou no Ko Esteban
1211,Macross Plus Movie Edition
522,Metropolis
351,Ojamajo Doremi Sharp
163079,Sugar Apple Fairy Tale Part 2
154020,MILGRAM Second Season
127619,Aggressive Retsuko Season 4
114114,Liang Bu Yi
114085,Kemono Jihen
112153,Pocket Monsters 2019
107873,main actor
98448,Kino no Tabi the Beautiful World the Animated Series
21753,Kiniro Mosaic Pretty Days
21732,planetarian Chiisana Hoshi no Yume
21695,Durararax2 Ketsu DuFuFuFu
21451,Full Metal Panic Invisible Victory
20920,Dungeon ni Deai wo Motomeru no wa Machigatteiru Darou ka
20517,Gochuumon wa Usagi desu ka
15959,Nurarihyon no Mago OVA
11359,Dragon Ball Kai Mirai ni Heiwa wo Goku no Tamashii yo Towa ni
10389,Momo e no Tegami
9000,Toaru Hikuushi e no Tsuioku
8675,Seitokai Yakuindomo
8609,Meitantei Conan KID in TRAP ISLAND
7651,Ningen Shikkaku Directors Cut Ban
5485,Shin Mazinger Shougeki Zhen
2623,THE DOG OF FLANDERS
975,Yokohama Kaidashi Kikou
517,School Rumble Ichi Gakki Hoshuu
479,Ueki no Housoku
139643,Ame wo Tsugeru Hyouryuu Danchi
129898,Sekai Saikou no Ansatsusha Isekai Kizoku ni Tensei suru
126529,Kyokou Suiri Season 2
114963,Nakitai Watashi wa Neko wo Kaburu
105857,StarTwinkle Precure
102349,K SEVEN STORIES Memory of Red BURN
97875,Nanbaka 2
97669,orange Mirai
21596,Digimon Adventure tri 3 Kokuhaku
20599,Soredemo Sekai wa Utsukushii
20527,Isshuukan Friends
20031,DFrag
18497,Yozakura Quartet Hana no Uta
18139,Tonari no Sekikun
8937,Toaru Majutsu no Index II
8247,BLEACH Jigokuhen
7592,Nurarihyon no Mago
6505,Tteotda Keunyeo
3466,Kino no Tabi the Beautiful World  Tou no Kuni Free Lance
2594,Piano no Mori
1915,Mahou Shoujo Lyrical Nanoha StrikerS
1571,Ghost Hunt
1293,Urusei Yatsura
1029,Omoide Poro Poro
589,Ginga Nagareboshi Gin
160,Ima Soko ni Iru Boku
159730,COLORs
154150,Douluo Dalu Nu Shi Mo Zhan
151252,Koori Zokusei Danshi to Cool na Douryou Joshi
140502,Rymans Club
137804,Kobayashisan Chi no Maidragon S Mini Dra EX
136707,Isekai Yakkyoku
124641,Jashinchan Dropkick X
111852,Date A Bullet Dead or Bullet
106246,Baby I Love You Daze
102839,Kuroko no Basket Winter Cup Soushuuhen  Tobira no Mukou
101924,Shokugeki no Souma San no Sara  Kyokuseiryou no Erina
101166,Dungeon ni Deai wo Motomeru no wa Machigatteiru Darou ka Orion no Ya
98565,Osomatsusan 2
21831,ONE PIECE Heart of Gold
21595,Sakamoto desu ga
21038,Ushio to Tora TV
20602,Amagi Brilliant Park
20579,Tamayura More Aggressive  Tsuitachi dake no Shuugakuryokou Nanode
18499,Yozakura Quartet Tsuki ni Naku
17949,The Everlasting Guilty Crown
14407,PERSONA 3 THE MOVIE 1 Spring of Birth
14227,Tonari no Kaibutsukun
11889,The Idolmster 765 Pro to Iu Monogatari
10469,Sayonara Zetsubou Sensei Nyankin no Kirisuto
8726,Soredemo Machi wa Mawatteiru
4177,Bounen no Xamdou
1690,Bokurano
1254,Saint Seiya
905,Dragon Ball Z Fukkatsu no Fusion Goku to Vegeta
182,Tenkuu no Escaflowne
157198,Dead Mount Death Play
131083,Mierukochan
128545,Shiroi Suna no Aquatope
124756,Golden Kamuy 2nd Season OVA
101310,Kishuku Gakkou no Juliet
100500,Kakuriyo no Yadomeshi
99390,Miira no Kaikata
98506,Konohana Kitan
21852,To LOVERu Darkness 2nd Specials
21339,Charlotte Tsuyoimonotachi
21331,Durararax2 Ten Onoroke Chakapoko
20742,PriPara
9919,Ao no Exorcist
8457,Yozakura Quartet Hoshi no Umi
3931,Initial D BATTLE STAGE 2
2451,Space Cobra
997,Bishoujo Senshi Sailor Moon S Kaguya Hime no Koibito
407,Tantei Gakuen Q
162529,Kizutsukedo Aishiteru
158923,Futaribun no Shoumei
143277,Urusei Yatsura 2022
138699,Pokmon Evolutions
114065,Bokutachi no Remake
110354,BNA
108945,One Punch Man 2 OVA
107193,Ano Ko Secret
106918,Lord ElMelloi IIsei no Jikenbo Rail Zeppelin Grace note
104200,Poputepipikku TV Special
102663,Luo Xiaohei Zhan Ji
100990,HinomaruZumou
100891,Kengan Ashura
100353,Mob Psycho 100 REIGEN Shirarezaru Kiseki Reinouryokusha
98977,Itsudatte Bokura no Koi wa 10 cm Datta
98425,Ani ni Tsukeru Kusuri wa Nai
97988,DRIFTERS OVA
21684,Mahouka Koukou no Rettousei Hoshi wo Yobu Shoujo
21426,GARO Divine Flame
20889,Chuunibyou demo Koi ga Shitai Ren Saisei no Jaou Shingan Mokushiroku
16417,Tamako Market
16241,Yondemasu yo Azazelsan Z
15487,Kuroko no Basket NGshuu
9471,Baka to Test to Shoukanjuu Matsuri
5162,Minamike Okaeri
3545,Kochira Katsushikaku Kameari Kouenmae Hashutsujo TV
2213,Black Jack TV
1015,Full Metal Panic The Second Raid Wari to Hima na Sentaichou no Ichinichi
74,Gakuen Alice
31,Shin Seiki Evangelion Movie Shi to Shinsei
141351,Kakegurui Twin
138345,Vivy Fluorite Eyes Song  PILOT MOVIE
132283,Yoru no Kuni
129190,Tensai Ouji no Akaji Kokka Saisei Jutsu
126354,Tianbao Fuyao Lu 2
103049,Piano no Mori 2 TV
101499,High School Fleet Movie
98663,Koutetsujou no Kabaneri Soushuuhen Kouhen Moeru Inochi
21786,Tanakakun wa Itsumo Kedaruge Tokuten
20697,Kara no Kyoukai Mirai Fukuin  extra chorus
15591,Joshiraku OVA
13267,Shinryaku Ika Musume OVA
11793,Tamayura hitotose  Attakai Kaze no Omoide Nanode
9366,Kaichou wa Maidsama Omake dayo
5684,Fresh Precure
4898,Kuroshitsuji
986,Dragon Ball Z Tatta Hitori no Saishuu Kessen  Freeza ni Idonda Z Senshi Son Goku no Chi
650,Gunsmith Cats
462,ONE PIECE THE MOVIE Dead End no Bouken
254,Jungle wa Itsumo Hare nochi Guu Deluxe
218,Kidou Senkan Nadesico
155925,LUPIN ZERO
155171,Gunjou Sanka 2022
136143,KURUKURU Cruller
108631,Hataraku Saibou
104391,Oshi ga Budoukan Ittekuretara Shinu
102734,Mekakucity Records
102621,Mekakucity Days
97637,NEW GAME Watashi Shainryokoutte Hajimete na no de
21318,Fatestay night Unlimited Blade Works 2nd Season  sunny day
20837,Ao Haru Ride unwritten
16123,Saki Zenkokuhen
9047,Toaru Kagaku no Railgun Misakasan wa Ima Chuumoku no Mato Desukara
8857,Nichijou no 0wa
8190,Nodame Cantabile OVA 2
6772,Break Blade 1 Kakusei no Toki
1251,Fushigi no Umi no Nadia
644,Hachimitsu to Clover Specials
551,Grappler Baki Saidai Tournamenthen
449,Inuyasha Guren no Houraijima
444,Mariasama ga Miteru Haru
396,Seikai no Senki
350,Ojamajo Doremi
290,Seikai no Monshou
287,Grappler Baki TV
71,Full Metal Panic
65,Rozen Maiden Trumend
165056,VINLAND SAGA SEASON 2 Same old story
163137,Oooku
130246,Ano Yume wo Nazotte
122670,Wu Dong Qiankun 3
110464,Nezha Mo Tong Jiang Shi
103221,Kaijuu no Kodomo
102463,Dou Po Cangqiong 2
99131,Comic Girls
97888,Baki
21584,Love Live Sunshine
21424,Arslan Senki Fuujin Ranbu
21287,Soukyuu no Fafner EXODUS 2
21104,Nanatsu no Taizai OVA
19511,NARUTO Shippuuden  Sunny Side Battle
19291,Pocket Monsters XY
12487,Kyoukaisenjou no Horizon II
7661,GIANT KILLING
7305,Meitantei Conan Movie 10 Tanteitachi no Requiem Recap Special
2004,Hanada Shounenshi
1562,Yamato Nadeshiko Shichi Henge
1301,Ginga Tetsudou 999 Movie
452,Inuyasha Toki wo Koeru Omoi
146743,Sasaki to Miyano Sotsugyouhen
137281,Aharensan wa Hakarenai
130190,Bai She 2 Qing She Jie Qi
129608,THE Big O 2003
114039,Itte
113418,Super Cub
110178,Isekai Quartet 2
108625,Kiratto PriChan Season 2
108266,Tsugu Tsugumomo
105932,Araburu Kisetsu no Otomedomo yo
98536,Amanchu Yakusoku no Natsu to Atarashii Omoide no Koto
20738,Tonari no Sekikun Specials
20613,Akame ga Kill
18465,Genshiken Nidaime
18055,Hakkenden Touhou Hakken Ibun 2
17947,Mahou Shoujo Lyrical Nanoha Reflection
16239,ONE PIECE Episode of Luffy  Hand Island no Bouken
4454,Macross Frontier Deculture Edition
4182,DARKER THAN BLACK Kuro no Keiyakusha  Sakura no Hana no Mankai no Shita
2454,Kimagure OrangeRoad Ano Hi ni Kaeritai
2265,Transformers the Movie
1946,Ashita no Nadja
1577,Taiho Shichauzo
